,name,Gender,Eye color,Race,Hair color,Height,Publisher,Skin color,Alignment,Weight
208,Dash,Male,blue,Human,Blond,122.0,Dark Horse Comics,-,good,27.0
568,Rocket Raccoon,Male,brown,Animal,Brown,122.0,Marvel Comics,-,good,25.0
566,Robin V,Male,blue,Human,Black,137.0,DC Comics,-,good,38.0
268,Franklin Richards,Male,blue,Mutant,Blond,142.0,Marvel Comics,-,good,45.0
683,Utgard-Loki,Male,blue,Frost Giant,White,15.2,Marvel Comics,-,bad,58.0
349,Jack of Hearts,Male,blue / white,Human,Brown,155.0,Marvel Comics,-,good,79.0
407,Lightning Lad,Male,blue,-,Red,155.0,DC Comics,-,good,65.0
266,Flash IV,Male,yellow,Human,Auburn,157.0,DC Comics,-,good,52.0
514,Penguin,Male,blue,Human,Black,157.0,DC Comics,-,bad,79.0
624,Spider-Man,Male,brown,Human,Black,157.0,Marvel Comics,-,good,56.0
719,Wolverine,Male,blue,Mutant,Black,160.0,Marvel Comics,-,good,135.0
539,Quill,Male,brown,-,Brown,163.0,Marvel Comics,-,good,56.0
670,Tinkerer,Male,brown,-,White,163.0,Marvel Comics,-,bad,54.0
61,Bantam,Male,brown,-,Black,165.0,Marvel Comics,-,good,54.0
82,Big Man,Male,blue,-,Brown,165.0,Marvel Comics,-,bad,71.0
551,Red Robin,Male,blue,Human,Black,165.0,DC Comics,-,good,56.0
565,Robin III,Male,blue,Human,Black,165.0,DC Comics,-,good,56.0
687,Vanisher,Male,green,-,No Hair,165.0,Marvel Comics,-,bad,79.0
244,Ethan Hunt,Male,brown,Human,Brown,168.0,,-,good,-99.0
418,Luke Skywalker,Male,blue,Human,Blond,168.0,George Lucas,-,good,77.0
485,Naruto Uzumaki,Male,-,Human,-,168.0,Shueisha,-,good,54.0
571,Rorschach,Male,blue,Human,Red,168.0,DC Comics,-,good,63.0
688,Vegeta,Male,-,Saiyan,Black,168.0,Shueisha,-,bad,73.0
136,Brainiac 5,Male,green,-,Blond,170.0,DC Comics,-,good,61.0
206,Darth Maul,Male,yellow / red,Dathomirian Zabrak,-,170.0,George Lucas,red / black,bad,-99.0
296,Greedo,Male,purple,Rodian,-,170.0,George Lucas,green,bad,-99.0
339,Impulse,Male,yellow,Human,Auburn,170.0,DC Comics,-,good,65.0
510,Paul Blart,Male,-,Human,-,170.0,Sony Pictures,-,good,117.0
636,Static,Male,brown,Mutant,Black,170.0,DC Comics,-,good,63.0
643,Superboy,Male,blue,-,Black,170.0,DC Comics,-,good,68.0
75,Beast Boy,Male,green,Human,Green,173.0,DC Comics,green,good,68.0
338,Iceman,Male,brown,Mutant,Brown,173.0,Marvel Comics,-,good,65.0
379,Karate Kid,Male,brown,Human,Brown,173.0,DC Comics,-,good,72.0
642,Sunspot,Male,brown,Mutant,black,173.0,Marvel Comics,-,good,77.0
708,Warp,Male,brown,-,Black,173.0,DC Comics,-,bad,67.0
73,Beak,Male,black,-,White,175.0,Marvel Comics,-,good,63.0
117,Blizzard II,Male,brown,-,Brown,175.0,Marvel Comics,-,bad,77.0
157,Captain Marvel II,Male,blue,Human,Black,175.0,DC Comics,-,good,74.0
168,Chamber,Male,brown,Mutant,Brown,175.0,Marvel Comics,-,good,63.0
224,Doctor Octopus,Male,brown,Human,Brown,175.0,Marvel Comics,-,bad,110.0
288,Goku,Male,-,Saiyan,-,175.0,Shueisha,-,good,62.0
335,Hybrid,Male,brown,Symbiote,Black,175.0,Marvel Comics,-,good,77.0
403,Legion,Male,green / blue,Mutant,Black,175.0,Marvel Comics,-,good,59.0
474,Moses Magnum,Male,brown,-,Black,175.0,Marvel Comics,-,bad,72.0
490,Nightcrawler,Male,yellow,-,Indigo,175.0,Marvel Comics,-,good,88.0
502,One Punch Man,Male,-,Human,No Hair,175.0,Shueisha,-,good,69.0
593,Shocker,Male,brown,Human,Brown,175.0,Marvel Comics,-,bad,79.0
665,Thunderbird III,Male,brown,-,Black,175.0,Marvel Comics,-,good,74.0
672,Toad,Male,black,Mutant,Brown,175.0,Marvel Comics,green,neutral,76.0
690,Venom II,Male,brown,-,Black,175.0,Marvel Comics,-,bad,50.0
716,Winter Soldier,Male,brown,Human,Brown,175.0,Marvel Comics,-,good,117.0
726,X-Man,Male,blue,-,Brown,175.0,Marvel Comics,-,good,61.0
9,Agent Bob,Male,brown,Human,Brown,178.0,Marvel Comics,-,good,81.0
16,Alfred Pennyworth,Male,blue,Human,Black,178.0,DC Comics,-,good,72.0
36,Aqualad,Male,blue,Atlantean,Black,178.0,DC Comics,-,good,106.0
49,Atom,Male,blue,-,Red,178.0,DC Comics,-,good,68.0
69,Batman,Male,blue,Human,Black,178.0,DC Comics,-,good,77.0
70,Batman II,Male,blue,Human,Black,178.0,DC Comics,-,good,79.0
118,Blob,Male,brown,-,Brown,178.0,Marvel Comics,-,bad,230.0
175,Chuck Norris,Male,-,-,-,178.0,,-,good,-99.0
180,Clock King,Male,blue,Human,Black,178.0,DC Comics,-,bad,78.0
295,Gravity,Male,blue,Human,Brown,178.0,Marvel Comics,-,good,79.0
299,Green Goblin II,Male,blue,-,Auburn,178.0,Marvel Comics,-,bad,77.0
301,Green Goblin IV,Male,green,-,Brown,178.0,Marvel Comics,-,good,79.0
332,Human Torch,Male,blue,Human / Radiation,Blond,178.0,Marvel Comics,-,good,77.0
352,James T. Kirk,Male,hazel,Human,Brown,178.0,Star Trek,-,good,77.0
375,Justice,Male,hazel,Human,Brown,178.0,Marvel Comics,-,good,81.0
401,Leader,Male,green,-,No Hair,178.0,Marvel Comics,-,bad,63.0
473,Morph,Male,white,-,No Hair,178.0,Marvel Comics,-,good,79.0
491,Nightwing,Male,blue,Human,Black,178.0,DC Comics,-,good,79.0
534,Pyro,Male,blue,-,Blond,178.0,Marvel Comics,-,bad,68.0
542,Rambo,Male,brown,Human,Black,178.0,,-,good,83.0
545,Ray,Male,green,Human,Red,178.0,DC Comics,-,good,70.0
563,Robin,Male,blue,Human,Black,178.0,DC Comics,-,good,79.0
579,Scarlet Spider,Male,blue,Human,Blond,178.0,Marvel Comics,-,good,74.0
589,Shang-Chi,Male,brown,Human,Black,178.0,Marvel Comics,-,good,79.0
622,Spider-Man,Male,hazel,Human,Brown,178.0,Marvel Comics,-,good,74.0
694,Vibe,Male,brown,Human,Black,178.0,DC Comics,-,good,71.0
13,Alan Scott,Male,blue,-,Blond,180.0,DC Comics,-,good,90.0
28,Annihilus,Male,green,-,No Hair,180.0,Marvel Comics,-,bad,90.0
74,Beast,Male,blue,Mutant,Blue,180.0,Marvel Comics,blue,good,181.0
170,Changeling,Male,brown,-,Black,180.0,Marvel Comics,-,bad,81.0
189,Crimson Dynamo,Male,brown,-,No Hair,180.0,Marvel Comics,-,good,104.0
236,Electro,Male,blue,Human,Auburn,180.0,Marvel Comics,-,bad,74.0
262,Flash,Male,blue,Human,Brown / White,180.0,DC Comics,-,good,81.0
298,Green Goblin,Male,blue,Human,Auburn,180.0,Marvel Comics,-,bad,83.0
319,Heat Wave,Male,blue,Human,No Hair,180.0,DC Comics,-,bad,81.0
327,Hobgoblin,Male,blue,-,Grey,180.0,Marvel Comics,-,bad,83.0
342,Ink,Male,blue,Mutant,No Hair,180.0,Marvel Comics,-,good,81.0
344,Iron Fist,Male,blue,Human,Blond,180.0,Marvel Comics,-,good,79.0
397,Kyle Rayner,Male,green,Human,Black,180.0,DC Comics,-,good,79.0
421,Mach-IV,Male,brown,-,Brown,180.0,Marvel Comics,-,bad,79.0
478,Multiple Man,Male,blue,-,Brown,180.0,Marvel Comics,-,good,70.0
479,Mysterio,Male,brown,Human,No Hair,180.0,Marvel Comics,-,bad,79.0
495,Northstar,Male,blue,-,Black,180.0,Marvel Comics,-,good,83.0
501,Omniscient,Male,brown,-,Black,180.0,Team Epic TV,-,good,65.0
529,Professor Zoom,Male,blue,Human,Strawberry Blond,180.0,DC Comics,-,bad,81.0
533,Purple Man,Male,purple,Human,Purple,180.0,Marvel Comics,purple,bad,74.0
547,Red Arrow,Male,green,Human,Red,180.0,DC Comics,-,good,83.0
644,Superboy-Prime,Male,blue,Kryptonian,Black / Blue,180.0,DC Comics,-,bad,77.0
650,Synch,Male,brown,-,Black,180.0,Marvel Comics,-,good,74.0
703,Vulture,Male,brown,Human,No Hair,180.0,Marvel Comics,-,bad,79.0
22,Angel,Male,blue,-,Blond,183.0,Marvel Comics,-,good,68.0
27,Animal Man,Male,blue,Human,Blond,183.0,DC Comics,-,good,83.0
30,Ant-Man II,Male,blue,Human,Blond,183.0,Marvel Comics,-,good,86.0
39,Archangel,Male,blue,Mutant,Blond,183.0,Marvel Comics,blue,good,68.0
47,Atlas,Male,brown,Mutant,Red,183.0,Marvel Comics,-,good,101.0
52,Atom II,Male,brown,Human,Auburn,183.0,DC Comics,-,good,81.0
56,Azazel,Male,yellow,Neyaphem,Black,183.0,Marvel Comics,red,bad,67.0
60,Banshee,Male,green,Human,Strawberry Blond,183.0,Marvel Comics,-,good,77.0
101,Black Knight III,Male,brown,Human,Brown,183.0,Marvel Comics,-,good,86.0
105,Black Panther,Male,brown,Human,Black,183.0,Marvel Comics,-,good,90.0
124,Blue Beetle II,Male,blue,-,Brown,183.0,DC Comics,-,good,86.0
126,Boba Fett,Male,brown,Human / Clone,Black,183.0,George Lucas,-,bad,-99.0
137,Brother Voodoo,Male,brown,Human,Brown / White,183.0,Marvel Comics,-,good,99.0
140,Bullseye,Male,blue,Human,blond,183.0,Marvel Comics,-,bad,90.0
147,Cannonball,Male,blue,-,Blond,183.0,Marvel Comics,-,good,81.0
176,Citizen Steel,Male,green,Human,Red,183.0,DC Comics,-,good,170.0
187,Cottonmouth,Male,brown,Human,Black,183.0,Marvel Comics,-,bad,99.0
200,Daredevil,Male,blue,Human,Red,183.0,Marvel Comics,-,good,90.0
211,Deadman,Male,blue,Human,Black,183.0,DC Comics,-,good,90.0
248,Exodus,Male,blue,Mutant,Black,183.0,Marvel Comics,red,bad,88.0
264,Flash II,Male,blue,Human,Blond,183.0,DC Comics,-,good,88.0
265,Flash III,Male,-,Human,-,183.0,DC Comics,-,good,86.0
292,Goliath IV,Male,brown,-,Black,183.0,Marvel Comics,-,good,90.0
300,Green Goblin III,Male,-,-,-,183.0,Marvel Comics,-,good,88.0
306,Han Solo,Male,brown,Human,Brown,183.0,George Lucas,-,good,79.0
310,Havok,Male,blue,Mutant,Blond,183.0,Marvel Comics,-,good,79.0
337,Hyperion,Male,blue,Eternal,Red,183.0,Marvel Comics,-,good,207.0
340,Indiana Jones,Male,-,Human,-,183.0,George Lucas,-,good,79.0
351,James Bond,Male,blue,Human,Blond,183.0,Titan Books,-,good,-99.0
366,John Constantine,Male,blue,Human,Blond,183.0,DC Comics,-,good,-99.0
368,John Wraith,Male,brown,-,Black,183.0,Marvel Comics,-,good,88.0
395,Kraven the Hunter,Male,brown,Human,Black,183.0,Marvel Comics,-,bad,106.0
425,Magus,Male,black,-,-,183.0,Marvel Comics,-,bad,-99.0
434,Master Brood,Male,blue,-,Black,183.0,Team Epic TV,-,good,81.0
451,Micro Lad,Male,grey,-,Brown,183.0,DC Comics,-,good,77.0
457,Mister Freeze,Male,-,Human,-,183.0,DC Comics,-,bad,86.0
513,Penance II,Male,blue,-,Blond,183.0,Marvel Comics,-,good,89.0
519,Plantman,Male,green,Mutant,Grey,183.0,Marvel Comics,-,bad,87.0
528,Professor X,Male,blue,Mutant,No Hair,183.0,Marvel Comics,-,good,86.0
532,Punisher,Male,blue,Human,Black,183.0,Marvel Comics,-,good,90.0
538,Quicksilver,Male,blue,Mutant,Silver,183.0,Marvel Comics,-,good,79.0
548,Red Hood,Male,blue,Human,Black,183.0,DC Comics,-,neutral,81.0
564,Robin II,Male,blue,Human,Red,183.0,DC Comics,-,good,101.0
578,Scarecrow,Male,blue,Human,Brown,183.0,DC Comics,-,bad,63.0
630,Spyke,Male,brown,Mutant,Blond,183.0,Marvel Comics,-,good,83.0
639,Steppenwolf,Male,red,New God,Black,183.0,DC Comics,white,bad,91.0
641,Stormtrooper,Male,-,Human,-,183.0,George Lucas,-,bad,-99.0
651,T-1000,Male,-,Android,-,183.0,Dark Horse Comics,silver,bad,146.0
660,Thing,Male,blue,Human / Radiation,No Hair,183.0,Marvel Comics,-,good,225.0
676,Trickster,Male,blue,Human,Blond,183.0,DC Comics,-,-,81.0
680,Two-Face,Male,-,-,-,183.0,DC Comics,-,bad,82.0
704,Walrus,Male,blue,Human,Black,183.0,Marvel Comics,-,bad,162.0
728,Yellowjacket,Male,blue,Human,Blond,183.0,Marvel Comics,-,good,83.0
2,Abin Sur,Male,blue,Ungaran,No Hair,185.0,DC Comics,red,good,90.0
7,Adam Strange,Male,blue,Human,Blond,185.0,DC Comics,-,good,88.0
37,Aquaman,Male,blue,Atlantean,Blond,185.0,DC Comics,-,good,146.0
42,Ares,Male,brown,-,Brown,185.0,Marvel Comics,-,good,270.0
102,Black Lightning,Male,brown,-,No Hair,185.0,DC Comics,-,good,90.0
109,Blackwing,Male,blue,-,Black,185.0,Marvel Comics,-,bad,86.0
161,Carnage,Male,green,Symbiote,Red,185.0,Marvel Comics,-,bad,86.0
174,Chromos,Male,brown,-,Red / Grey,185.0,Team Epic TV,-,bad,86.0
201,Darkhawk,Male,brown,Human,Brown,185.0,Marvel Comics,-,good,81.0
213,Deadshot,Male,brown,Human,Brown,185.0,DC Comics,-,bad,91.0
216,Demogoblin,Male,red,Demon,No Hair,185.0,Marvel Comics,-,bad,95.0
231,Dormammu,Male,yellow,-,No Hair,185.0,Marvel Comics,-,bad,-99.0
239,Elongated Man,Male,blue,-,Red,185.0,DC Comics,-,good,80.0
273,Gambit,Male,red,Mutant,Brown,185.0,Marvel Comics,-,good,81.0
278,Genesis,Male,blue,-,Blond,185.0,Marvel Comics,-,good,86.0
311,Hawk,Male,red,-,Brown,185.0,DC Comics,-,good,89.0
315,Hawkman,Male,blue,-,Brown,185.0,DC Comics,-,good,88.0
323,Hellstorm,Male,red,-,Red,185.0,Marvel Comics,-,good,81.0
367,John Stewart,Male,green,Human,Black,185.0,DC Comics,-,good,90.0
446,Metamorpho,Male,black,-,No Hair,185.0,DC Comics,-,good,90.0
448,Metron,Male,blue,-,Black,185.0,DC Comics,-,good,86.0
456,Mister Fantastic,Male,brown,Human / Radiation,Brown,185.0,Marvel Comics,-,good,81.0
489,Nick Fury,Male,brown,Human,Brown / White,185.0,Marvel Comics,-,good,99.0
496,Nova,Male,brown,Human,Brown,185.0,Marvel Comics,-,good,86.0
521,Plastic Man,Male,blue,Human,Black,185.0,DC Comics,-,good,80.0
553,Red Tornado,Male,green,Android,No Hair,185.0,DC Comics,-,good,146.0
559,Rick Flag,Male,blue,-,Brown,185.0,DC Comics,-,bad,85.0
574,Sandman,Male,brown,Human,Brown,185.0,Marvel Comics,-,neutral,203.0
629,Spock,Male,brown,Human-Vulcan,Black,185.0,Star Trek,-,good,81.0
663,Thunderbird,Male,brown,-,Black,185.0,Marvel Comics,-,good,101.0
668,Tiger Shark,Male,grey,Human,No Hair,185.0,Marvel Comics,grey,bad,203.0
705,War Machine,Male,brown,Human,Brown,185.0,Marvel Comics,-,good,95.0
733,Zoom,Male,red,-,Brown,185.0,DC Comics,-,bad,81.0
11,Air-Walker,Male,blue,-,White,188.0,Marvel Comics,-,bad,108.0
20,Ammo,Male,brown,Human,Black,188.0,Marvel Comics,-,bad,101.0
68,Batman,Male,blue,Human,black,188.0,DC Comics,-,good,95.0
95,Black Bolt,Male,blue,Inhuman,Black,188.0,Marvel Comics,-,good,95.0
104,Black Manta,Male,black,Human,No Hair,188.0,DC Comics,-,bad,92.0
110,Blackwulf,Male,red,Alien,White,188.0,Marvel Comics,-,-,88.0
111,Blade,Male,brown,Vampire,Black,188.0,Marvel Comics,-,good,97.0
148,Captain America,Male,blue,Human,blond,188.0,Marvel Comics,-,good,108.0
152,Captain Epic,Male,blue,-,Brown,188.0,Team Epic TV,-,good,-99.0
154,Captain Mar-vell,Male,blue,-,Blond,188.0,Marvel Comics,-,good,108.0
212,Deadpool,Male,brown,Mutant,No Hair,188.0,Marvel Comics,-,neutral,95.0
217,Destroyer,Male,-,-,-,188.0,Marvel Comics,-,bad,383.0
223,Doctor Fate,Male,blue,Human,Blond,188.0,DC Comics,-,good,89.0
225,Doctor Strange,Male,grey,Human,Black,188.0,Marvel Comics,-,good,81.0
246,Evil Deadpool,Male,white,Mutant,Red,188.0,Marvel Comics,-,bad,95.0
250,Falcon,Male,brown,Human,Black,188.0,Marvel Comics,-,good,108.0
260,Firestorm,Male,blue,Human,Auburn,188.0,DC Comics,-,good,91.0
279,Ghost Rider,Male,red,Demon,No Hair,188.0,Marvel Comics,-,good,99.0
297,Green Arrow,Male,green,Human,Blond,188.0,DC Comics,-,good,88.0
304,Guy Gardner,Male,blue,Human-Vuldarian,Red,188.0,DC Comics,-,good,95.0
305,Hal Jordan,Male,brown,Human,Brown,188.0,DC Comics,-,good,90.0
307,Hancock,Male,brown,Human,Black,188.0,Sony Pictures,-,good,-99.0
336,Hydro-Man,Male,brown,-,Brown,188.0,Marvel Comics,-,bad,119.0
362,Jigsaw,Male,blue,-,Black,188.0,Marvel Comics,-,bad,113.0
372,Judge Dredd,Male,-,Human,-,188.0,Rebellion,-,good,-99.0
392,Klaw,Male,red,Human,No Hair,188.0,Marvel Comics,red,bad,97.0
405,Lex Luthor,Male,green,Human,No Hair,188.0,DC Comics,-,bad,95.0
415,Longshot,Male,blue,Human,Blond,188.0,Marvel Comics,-,good,36.0
423,Magneto,Male,grey,Mutant,White,188.0,Marvel Comics,-,bad,86.0
429,Man-Wolf,Male,brown,-,Auburn,188.0,Marvel Comics,-,good,90.0
430,Mandarin,Male,blue,Human,White,188.0,Marvel Comics,-,bad,97.0
452,Mimic,Male,brown,-,Brown,188.0,Marvel Comics,-,good,101.0
470,Moon Knight,Male,brown,Human,Brown,188.0,Marvel Comics,-,good,101.0
472,Morlun,Male,white / red,-,Black,188.0,Marvel Comics,-,bad,79.0
475,Mr Immortal,Male,blue,Mutant,Blond,188.0,Marvel Comics,-,good,70.0
482,Namor,Male,grey,Atlantean,Black,188.0,Marvel Comics,-,good,125.0
537,Question,Male,blue,Human,Blond,188.0,DC Comics,-,good,83.0
552,Red Skull,Male,blue,-,No Hair,188.0,Marvel Comics,-,bad,108.0
585,Sentry,Male,blue,Mutant,Blond,188.0,Marvel Comics,-,neutral,87.0
613,Space Ghost,Male,-,Human,-,188.0,DC Comics,-,good,113.0
632,Star-Lord,Male,blue,Human-Spartoi,Blond,188.0,Marvel Comics,-,good,79.0
655,Taskmaster,Male,brown,Human,Brown,188.0,Marvel Comics,-,bad,99.0
659,The Comedian,Male,brown,Human,Black,188.0,DC Comics,-,neutral,101.0
673,Toxin,Male,blue,Symbiote,Brown,188.0,Marvel Comics,-,good,97.0
679,Triton,Male,green,Inhuman,No Hair,188.0,Marvel Comics,green,good,86.0
707,Warlock,Male,red,-,Blond,188.0,Marvel Comics,-,good,108.0
721,Wonder Man,Male,red,-,Black,188.0,Marvel Comics,-,good,171.0
727,Yellow Claw,Male,blue,-,No Hair,188.0,Marvel Comics,-,bad,95.0
1,Abe Sapien,Male,blue,Icthyo Sapien,No Hair,191.0,Dark Horse Comics,blue,good,65.0
10,Agent Zero,Male,-,-,-,191.0,Marvel Comics,-,good,104.0
92,Bizarro,Male,black,Bizarro,Black,191.0,DC Comics,white,neutral,155.0
94,Black Adam,Male,brown,-,Black,191.0,DC Comics,-,bad,113.0
108,Blackout,Male,red,Demon,White,191.0,Marvel Comics,white,bad,104.0
186,Corsair,Male,brown,-,Brown,191.0,Marvel Comics,-,good,79.0
195,Cyclops,Male,brown,Mutant,Brown,191.0,Marvel Comics,-,good,88.0
247,Evilhawk,Male,red,Alien,Black,191.0,Marvel Comics,green,bad,106.0
312,Hawkeye,Male,blue,Human,Blond,191.0,Marvel Comics,-,good,104.0
378,Kang,Male,brown,-,Brown,191.0,Marvel Comics,-,bad,104.0
394,Kraven II,Male,brown,Human,Black,191.0,Marvel Comics,-,bad,99.0
408,Lightning Lord,Male,blue,-,Red,191.0,DC Comics,-,bad,95.0
546,Razor-Fist II,Male,blue,-,No Hair,191.0,Marvel Comics,-,bad,117.0
570,Ronin,Male,blue,Human,Blond,191.0,Marvel Comics,-,good,104.0
590,Shatterstar,Male,brown,-,Red,191.0,Marvel Comics,-,good,88.0
646,Superman,Male,blue,Kryptonian,Black,191.0,DC Comics,-,good,101.0
674,Toxin,Male,black,Symbiote,Blond,191.0,Marvel Comics,-,good,117.0
689,Venom,Male,blue,Symbiote,Strawberry Blond,191.0,Marvel Comics,-,bad,117.0
699,Vision,Male,gold,Android,No Hair,191.0,Marvel Comics,red,good,135.0
5,Absorbing Man,Male,blue,Human,No Hair,193.0,Marvel Comics,-,bad,122.0
12,Ajax,Male,brown,Cyborg,Black,193.0,Marvel Comics,-,bad,90.0
138,Brundlefly,Male,-,Mutant,-,193.0,,-,-,-99.0
149,Captain Atom,Male,blue,Human / Radiation,Silver,193.0,DC Comics,silver,good,90.0
156,Captain Marvel,Male,blue,Human,Black,193.0,DC Comics,-,good,101.0
214,Deathlok,Male,brown,Cyborg,Grey,193.0,Marvel Comics,-,good,178.0
215,Deathstroke,Male,blue,Human,White,193.0,DC Comics,-,neutral,101.0
218,Diamondback,Male,brown,Human,Black,193.0,Marvel Comics,-,bad,90.0
233,Drax the Destroyer,Male,red,Human / Altered,No Hair,193.0,Marvel Comics,green,good,306.0
245,Etrigan,Male,red,Demon,No Hair,193.0,DC Comics,yellow,neutral,203.0
353,Jar Jar Binks,Male,yellow,Gungan,-,193.0,George Lucas,orange / white,good,-99.0
414,Loki,Male,green,Asgardian,Black,193.0,Marvel Comics,-,bad,236.0
438,Maverick,Male,blue,-,Black,193.0,Marvel Comics,-,good,110.0
468,Monarch,Male,blue,-,White,193.0,DC Comics,-,good,90.0
540,Ra's Al Ghul,Male,green,Human,Grey,193.0,DC Comics,-,bad,97.0
580,Scarlet Spider II,Male,brown,Clone,Brown,193.0,Marvel Comics,-,good,113.0
600,Silver Surfer,Male,white,Alien,No Hair,193.0,Marvel Comics,silver,good,101.0
131,Booster Gold,Male,blue,Human,Blond,196.0,DC Comics,-,good,97.0
230,Doppelganger,Male,white,-,No Hair,196.0,Marvel Comics,-,bad,104.0
324,Hercules,Male,blue,Demi-God,Brown,196.0,Marvel Comics,-,good,146.0
369,Joker,Male,green,Human,Green,196.0,DC Comics,white,bad,86.0
445,Metallo,Male,green,Android,Brown,196.0,DC Comics,-,bad,90.0
460,Mister Sinister,Male,red,Human / Altered,Black,196.0,Marvel Comics,-,bad,128.0
467,Molten Man,Male,gold,-,Gold,196.0,Marvel Comics,-,bad,248.0
558,Rhino,Male,brown,Human / Radiation,Brown,196.0,Marvel Comics,-,bad,320.0
648,Swarm,Male,yellow,Mutant,No Hair,196.0,Marvel Comics,yellow,bad,47.0
724,Wyatt Wingfoot,Male,brown,-,Black,196.0,Marvel Comics,-,good,117.0
48,Atlas,Male,blue,God / Eternal,Brown,198.0,DC Comics,-,bad,126.0
71,Battlestar,Male,brown,-,Black,198.0,Marvel Comics,-,good,133.0
91,Bishop,Male,brown,Mutant,No Hair,198.0,Marvel Comics,-,good,124.0
135,Brainiac,Male,green,Android,No Hair,198.0,DC Comics,green,bad,135.0
150,Captain Britain,Male,blue,Human,Blond,198.0,Marvel Comics,-,good,116.0
193,Cyborg,Male,brown,Cyborg,Black,198.0,DC Comics,-,good,173.0
207,Darth Vader,Male,yellow,Cyborg,No Hair,198.0,George Lucas,-,bad,135.0
220,Doc Samson,Male,blue,Human / Radiation,Green,198.0,Marvel Comics,-,good,171.0
284,Gladiator,Male,blue,Strontian,Blue,198.0,Marvel Comics,purple,neutral,268.0
293,Gorilla Grodd,Male,yellow,Gorilla,Black,198.0,DC Comics,-,bad,270.0
345,Iron Man,Male,blue,Human,Black,198.0,Marvel Comics,-,good,191.0
416,Luke Cage,Male,brown,Human,Black,198.0,Marvel Comics,-,good,191.0
443,Mephisto,Male,white,-,Black,198.0,Marvel Comics,-,bad,140.0
572,Sabretooth,Male,amber,Mutant,Blond,198.0,Marvel Comics,-,bad,171.0
607,Skaar,Male,green,-,Black,198.0,Marvel Comics,-,good,180.0
661,Thor,Male,blue,Asgardian,Blond,198.0,Marvel Comics,-,good,288.0
666,Thunderstrike,Male,blue,-,Blond,198.0,Marvel Comics,-,good,288.0
78,Beta Ray Bill,Male,-,-,No Hair,201.0,Marvel Comics,-,good,216.0
166,Century,Male,white,Alien,White,201.0,Marvel Comics,grey,good,97.0
221,Doctor Doom,Male,brown,Human,Brown,201.0,Marvel Comics,-,bad,187.0
222,Doctor Doom II,Male,brown,-,Brown,201.0,Marvel Comics,-,bad,132.0
391,Kingpin,Male,blue,Human,No Hair,201.0,Marvel Comics,-,bad,203.0
432,Martian Manhunter,Male,red,Martian,No Hair,201.0,DC Comics,green,good,135.0
476,Mr Incredible,Male,blue,Human,Blond,201.0,Dark Horse Comics,-,good,158.0
603,Sinestro,Male,black,Korugaran,Black,201.0,DC Comics,red,neutral,92.0
637,Steel,Male,brown,-,No Hair,201.0,DC Comics,-,good,131.0
657,Thanos,Male,red,Eternal,No Hair,201.0,Marvel Comics,purple,bad,443.0
0,A-Bomb,Male,yellow,Human,No Hair,203.0,Marvel Comics,-,good,441.0
3,Abomination,Male,green,Human / Radiation,No Hair,203.0,Marvel Comics,-,bad,441.0
59,Bane,Male,-,Human,-,203.0,DC Comics,-,bad,180.0
144,Cable,Male,blue,Mutant,White,203.0,Marvel Comics,-,good,158.0
412,Lizard,Male,red,Human,No Hair,203.0,Marvel Comics,-,bad,230.0
498,Odin,Male,blue,God / Eternal,White,206.0,Marvel Comics,-,good,293.0
682,Ultron,Male,red,Android,-,206.0,Marvel Comics,silver,bad,331.0
29,Ant-Man,Male,blue,Human,Blond,211.0,Marvel Comics,-,good,122.0
500,Omega Red,Male,red,-,Blond,211.0,Marvel Comics,-,bad,191.0
583,Scorpion,Male,brown,Human,Brown,211.0,Marvel Comics,-,bad,310.0
614,Spawn,Male,brown,Demon,Black,211.0,Image Comics,-,good,405.0
34,Apocalypse,Male,red,Mutant,Black,213.0,Marvel Comics,grey,bad,135.0
377,K-2SO,Male,white,Android,No Hair,213.0,George Lucas,gray,good,-99.0
428,Man-Thing,Male,red,-,No Hair,213.0,Marvel Comics,green,good,225.0
435,Master Chief,Male,brown,Human / Altered,Brown,213.0,Microsoft,-,good,-99.0
527,Predator,Male,-,Yautja,-,213.0,Dark Horse Comics,-,bad,234.0
549,Red Hulk,Male,yellow,Human / Radiation,Black,213.0,Marvel Comics,red,neutral,630.0
709,Warpath,Male,brown,Mutant,Black,218.0,Marvel Comics,-,good,158.0
179,Cloak,Male,brown,-,black,226.0,Marvel Comics,-,good,70.0
184,Colossus,Male,silver,Mutant,Black,226.0,Marvel Comics,-,good,225.0
692,Venompool,Male,-,Symbiote,-,226.0,Marvel Comics,-,-,-99.0
33,Anti-Venom,Male,blue,Symbiote,Blond,229.0,Marvel Comics,-,-,358.0
413,Lobo,Male,red,Czarnian,Black,229.0,DC Comics,blue-white,neutral,288.0
691,Venom III,Male,brown,Symbiote,Brown,229.0,Marvel Comics,-,bad,334.0
388,Kilowog,Male,red,Bolovaxian,No Hair,234.0,DC Comics,pink,good,324.0
17,Alien,Male,-,Xenomorph XX121,No Hair,244.0,Dark Horse Comics,black,bad,169.0
229,Doomsday,Male,red,Alien,White,244.0,DC Comics,-,bad,412.0
331,Hulk,Male,green,Human / Radiation,Green,244.0,Marvel Comics,green,good,630.0
386,Killer Croc,Male,red,Metahuman,No Hair,244.0,DC Comics,green,bad,356.0
19,Amazo,Male,red,Android,-,257.0,DC Comics,-,bad,173.0
321,Hellboy,Male,gold,Demon,Black,259.0,Dark Horse Comics,-,good,158.0
203,Darkseid,Male,red,New God,No Hair,267.0,DC Comics,grey,bad,817.0
576,Sauron,Male,-,Maiar,-,279.0,J. R. R. Tolkien,-,bad,-99.0
611,Solomon Grundy,Male,black,Zombie,White,279.0,DC Comics,-,bad,437.0
373,Juggernaut,Male,blue,Human,Red,287.0,Marvel Comics,-,neutral,855.0
121,Bloodwraith,Male,white,-,No Hair,30.5,Marvel Comics,-,bad,-99.0
389,King Kong,Male,yellow,Animal,Black,30.5,,-,good,
730,Ymir,Male,white,Frost Giant,No Hair,304.8,Marvel Comics,white,good,-99.0
504,Onslaught,Male,red,Mutant,No Hair,305.0,Marvel Comics,-,bad,405.0
575,Sasquatch,Male,red,-,Orange,305.0,Marvel Comics,-,good,900.0
463,MODOK,Male,white,Cyborg,Brownn,366.0,Marvel Comics,-,bad,338.0
31,Anti-Monitor,Male,yellow,God / Eternal,No Hair,61.0,DC Comics,-,bad,-99.0
396,Krypto,Male,blue,Kryptonian,White,64.0,DC Comics,-,good,18.0
731,Yoda,Male,brown,Yoda's species,White,66.0,George Lucas,green,good,17.0
302,Groot,Male,yellow,Flora Colossus,-,701.0,Marvel Comics,-,good,4.0
350,Jack-Jack,Male,blue,Human,Brown,71.0,Dark Horse Comics,-,good,14.0
330,Howard the Duck,Male,brown,-,Yellow,79.0,Marvel Comics,-,good,18.0
272,Galactus,Male,black,Cosmic Entity,Black,876.0,Marvel Comics,-,neutral,16.0
255,Fin Fang Foom,Male,red,Kakarantharaian,No Hair,975.0,Marvel Comics,green,good,18.0
